书名,作者,价格,出版社
一看就停不下来的中国史(京东定制版),最爱君,35.88,台海出版社
格局 思路决定出路 格局决定结局 为人处世人际交往说话沟通技巧管理狼性社交职场创业经商生意谈判成功励,,3.8,百花洲文艺出版社
3-6岁行为习惯养成绘本：我会爱自己（情绪管理篇 套装共6册）学会自我保护，懂得自我管理,苏珊·阿本哈德,96.0,青岛出版社
美国国家地理儿童小百科 中英文双语读物（套装共6册）,吉尔·伊斯巴姆,95.0,四川少年儿童出版社
平凡的世界：全三册,路遥,108.0,北京十月文艺出版社
一看就停不下来的中国史1+2+世界史（套装全3册）,最爱君,107.64,台海出版社、四川人民出版社
DK博物大百科——自然界的视觉盛宴,英国DK公司,420.0,科学普及出版社
正版12册 鬼谷子全集九型人格墨菲定律人性的弱点方与圆狼道羊皮卷无口才三绝为人三会修心三不厚黑学书籍,,69.8,
余生很长，别慌张，别失望,史铁生,25.2,北方文艺出版社
东野圭吾写给孩子的推理书：为孩子量身打造的智力之书（套装共3册）,东野圭吾,118.3,南海出版公司
余华作品：活着,余华,28.0,作家出版社
思维导图 记忆力训练法 教你简单快速有效的提升记忆快速提高左右脑思维和技巧 可搭配最强大脑书籍,鸿雁,3.8,吉林文史出版社
局外人(如果你在人群中感到格格不入，一定要读《局外人》 ！精装插图珍藏版！诺奖作品，此生必读)(读客经典文库),加缪,42.8,江苏凤凰文艺
人间失格,太宰治,21.9,武汉出版社
东野圭吾：白夜行（2017版）,东野圭吾,59.6,南海出版公司
马尔克斯：百年孤独（50周年纪念版）,加西亚·马尔克斯,55.0,南海出版公司
人生海海（麦家重磅新作！莫言、董卿、王家卫、高晓松、杨洋倾力推荐）,麦家,55.0,北京十月文艺出版社
浮生六记（畅销300万册，全译本，蝉联京东,沈复,31.4,天津人民出版社
人生,路遥,25.0,北京十月文艺出版社
和朋友们一起想办法（学习解决问题的图画书套装全8册）, 加比·戈尔德萨克,64.8,长江少年儿童出版社
这里是中国,星球研究所、中国青藏高原研究会,126.0,中信出版集团
深度思考：不断逼近问题的本质,莫琳.希凯,47.5,江苏凤凰文艺出版社
迪士尼爱与梦想绘本（套装共15册）,美国迪士尼公司,136.4,四川少年儿童出版社
学前儿童生理启蒙必备：我们的身体（3-6岁）,帕斯卡尔·艾德兰,120.0,未来出版社
3-6岁经典逻辑力培养图画书（套装全13册） [3-6岁],舟崎靖子,180.0,长江少年儿童出版社
一看就停不下来的中国史(京东定制版),最爱君,35.88,台海出版社
格局 思路决定出路 格局决定结局 为人处世人际交往说话沟通技巧管理狼性社交职场创业经商生意谈判成功励,,3.8,百花洲文艺出版社
3-6岁行为习惯养成绘本：我会爱自己（情绪管理篇 套装共6册）学会自我保护，懂得自我管理,苏珊·阿本哈德,96.0,青岛出版社
美国国家地理儿童小百科 中英文双语读物（套装共6册）,吉尔·伊斯巴姆,95.0,四川少年儿童出版社
平凡的世界：全三册,路遥,108.0,北京十月文艺出版社
一看就停不下来的中国史1+2+世界史（套装全3册）,最爱君,107.64,台海出版社、四川人民出版社
DK博物大百科——自然界的视觉盛宴,英国DK公司,420.0,科学普及出版社
正版12册 鬼谷子全集九型人格墨菲定律人性的弱点方与圆狼道羊皮卷无口才三绝为人三会修心三不厚黑学书籍,,69.8,
余生很长，别慌张，别失望,史铁生,25.2,北方文艺出版社
东野圭吾写给孩子的推理书：为孩子量身打造的智力之书（套装共3册）,东野圭吾,118.3,南海出版公司
余华作品：活着,余华,28.0,作家出版社
思维导图 记忆力训练法 教你简单快速有效的提升记忆快速提高左右脑思维和技巧 可搭配最强大脑书籍,鸿雁,3.8,吉林文史出版社
局外人(如果你在人群中感到格格不入，一定要读《局外人》 ！精装插图珍藏版！诺奖作品，此生必读)(读客经典文库),加缪,42.8,江苏凤凰文艺
人间失格,太宰治,21.9,武汉出版社
东野圭吾：白夜行（2017版）,东野圭吾,59.6,南海出版公司
马尔克斯：百年孤独（50周年纪念版）,加西亚·马尔克斯,55.0,南海出版公司
人生海海（麦家重磅新作！莫言、董卿、王家卫、高晓松、杨洋倾力推荐）,麦家,55.0,北京十月文艺出版社
浮生六记（畅销300万册，全译本，蝉联京东,沈复,31.4,天津人民出版社
人生,路遥,25.0,北京十月文艺出版社
和朋友们一起想办法（学习解决问题的图画书套装全8册）, 加比·戈尔德萨克,64.8,长江少年儿童出版社
抖音推荐12册鬼谷子全集正版墨菲定律狼道羊皮卷人性的弱点读心术九型人格心理学自控力无厚黑学励志,鬼谷子,69.8,中国商业出版社
这里是中国,星球研究所、中国青藏高原研究会,126.0,中信出版集团
深度思考：不断逼近问题的本质,莫琳.希凯,47.5,江苏凤凰文艺出版社
迪士尼爱与梦想绘本（套装共15册）,美国迪士尼公司,136.4,四川少年儿童出版社
学前儿童生理启蒙必备：我们的身体（3-6岁）,帕斯卡尔·艾德兰,120.0,未来出版社
漫长的告别（怪不得村上春树读了12遍！每每陷入困境，村上春树便打开《漫长的告别》！全新精装插图珍藏版）,雷蒙德·钱德勒,65.6,海南出版社
DK儿童自然探索百科,杰米·安布罗斯,83.6,童趣出版有限公司
亲亲科学,史黛芬妮·勒迪 等,425.3,安徽教育出版社
在教室说错了没关系系列（套装共2册）,莳田晋治,63.0,青岛出版社
明代的锦衣卫和东西厂,吴晗,23.88,台海出版社
揭秘古诗词/二十四节气/丝绸之路/汉字（3-6岁少儿科普翻翻书套装共4册）揭秘系列好玩又好学 乐乐趣童书出品,,199.0,
一看就停不下来的北洋军阀史：奉系+皖系+直系（套装全三册）,胡杨,75.6,辽宁人民出版社
【彩图注音版】十万个为什么（套装共10册）动物世界 少儿科普百科,,1.0,
墨菲定律 思维解码人性的弱点 心理学情商职场商场管理创业 九型人格 社交人脉交际口才沟通书籍,,3.8,成都地图出版社
国际大奖小说注音版（给孩子独立阅读的童年 礼盒装共20册）,洛特·金仕可菲,250.0,新蕾出版社
窗边的小豆豆（2018版） （爱心树童书）五年级推荐课外阅读书,黑柳彻子,39.5,南海出版公司
小猛犸童书：DK百科全书精选礼盒装 （京东套装共4册）,英国DK公司,400.0,电子工业出版社
中华上下五千年：彩色插图版（套装全四册）,谢桂梅,94.8,吉林美术出版社
米小圈上学记一年级（套装共4册）小学生课外阅读书籍注音版,北猫,99.0,四川少年儿童出版社
100层的房子系列（新版4册套装）,岩井俊雄,154.4,北京科学技术出版社
凯迪克金奖绘本系列：火车头+灯船+登月（陆海空三部曲 套装全3册）,〔美〕布莱恩·弗洛卡,99.0,天津人民出版社
一看就停不下来的中国史2（京东定制版）,最爱君,35.88,台海出版社
哈佛中国史 精装（礼盒套装共6册）,卜正民,306.0,中信出版集团
基督山伯爵（余华不吃不喝不睡，疯了般读完《基督山伯爵》！人类全部的智慧尽在其中！全三册一字未删完整版！）（读客经典文库）,大仲马,159.6,江苏凤凰文艺出版社
哇！故宫的二十四节气（给孩子的故宫绘本 套装全24册）,故宫博物院宣传教育部,320.0,中信出版集团
自我保护意识绘本：呀！屁股,迈普里斯·安徒生,36.1,江苏凤凰少年儿童出版社
一看就停不下来的中国史+大秦史+大汉史+大唐史+大清史（套装全5册）,最爱君,149.28,台海出版社
故宫御猫夜游记（五册）黄渤林俊杰方文山朱永新王志庚等人倾情推荐,常怡,148.8,人民邮电出版社
故宫日历·2020年（紫禁600年）,陈丽华,49.0,故宫出版社
全7册 人间失格+月亮与六便士+瓦尔登湖+局外人+我是猫+假如给我三天光明世界名著文学小说书籍,,42.8,黑龙江美术出版社
DK儿童百科全书（精致版）,英国DK出版社,60.0,四川少年儿童出版社
漫长的告别（怪不得村上春树读了12遍！每每陷入困境，村上春树便打开《漫长的告别》！全新精装插图珍藏版）,雷蒙德·钱德勒,65.6,海南出版社
DK儿童自然探索百科,杰米·安布罗斯,83.6,童趣出版有限公司
亲亲科学,史黛芬妮·勒迪 等,425.3,安徽教育出版社
在教室说错了没关系系列（套装共2册）,莳田晋治,63.0,青岛出版社
明代的锦衣卫和东西厂,吴晗,23.88,台海出版社
揭秘古诗词/二十四节气/丝绸之路/汉字（3-6岁少儿科普翻翻书套装共4册）揭秘系列好玩又好学 乐乐趣童书出品,,199.0,
一看就停不下来的北洋军阀史：奉系+皖系+直系（套装全三册）,胡杨,75.6,辽宁人民出版社
【彩图注音版】十万个为什么（套装共10册）动物世界 少儿科普百科,,1.0,
墨菲定律 思维解码人性的弱点 心理学情商职场商场管理创业 九型人格 社交人脉交际口才沟通书籍,,3.8,成都地图出版社
国际大奖小说注音版（给孩子独立阅读的童年 礼盒装共20册）,洛特·金仕可菲,250.0,新蕾出版社
窗边的小豆豆（2018版） （爱心树童书）五年级推荐课外阅读书,黑柳彻子,39.5,南海出版公司
小猛犸童书：DK百科全书精选礼盒装 （京东套装共4册）,英国DK公司,400.0,电子工业出版社
中华上下五千年：彩色插图版（套装全四册）,谢桂梅,94.8,吉林美术出版社
米小圈上学记一年级（套装共4册）小学生课外阅读书籍注音版,北猫,99.0,四川少年儿童出版社
100层的房子系列（新版4册套装）,岩井俊雄,154.4,北京科学技术出版社
凯迪克金奖绘本系列：火车头+灯船+登月（陆海空三部曲 套装全3册）,〔美〕布莱恩·弗洛卡,99.0,天津人民出版社
一看就停不下来的中国史2（京东定制版）,最爱君,35.88,台海出版社
哈佛中国史 精装（礼盒套装共6册）,卜正民,306.0,中信出版集团
基督山伯爵（余华不吃不喝不睡，疯了般读完《基督山伯爵》！人类全部的智慧尽在其中！全三册一字未删完整版！）（读客经典文库）,大仲马,159.6,江苏凤凰文艺出版社
哇！故宫的二十四节气（给孩子的故宫绘本 套装全24册）,故宫博物院宣传教育部,320.0,中信出版集团
自我保护意识绘本：呀！屁股,迈普里斯·安徒生,36.1,江苏凤凰少年儿童出版社
一看就停不下来的中国史+大秦史+大汉史+大唐史+大清史（套装全5册）,最爱君,149.28,台海出版社
故宫御猫夜游记（五册）黄渤林俊杰方文山朱永新王志庚等人倾情推荐,常怡,148.8,人民邮电出版社
故宫日历·2020年（紫禁600年）,陈丽华,49.0,故宫出版社
全7册 人间失格+月亮与六便士+瓦尔登湖+局外人+我是猫+假如给我三天光明世界名著文学小说书籍,,42.8,黑龙江美术出版社
DK儿童百科全书（精致版）,英国DK出版社,60.0,四川少年儿童出版社
小小的我·心灵成长绘本（让小小的我勇敢面对大大的世界）,日野原重明,38.2,中国人口出版社
影响孩子一生的世界名著全8册小王子昆虫记 四五六年级阅读中小学生课外读物书籍名著11-14岁儿童,满99立减50！【正版特惠】,29.8,辽宁科学技术出版社
万能工程师麦克：套装全20册（新版）,乔治·约翰逊,250.0,长江少年儿童出版社
人类简史（绘本版）：给孩子的世界历史超图解,贝特朗·菲舒,121.6,中信出版集团
唐诗三百首（儿童注音美绘本）,思睿,36.4,北方妇女儿童出版社
10册抖音书籍 你不努力谁也给不了你想要的生活 没伞的孩子必须努力奔跑青春励志成功书籍,,39.8,吉林文史出版社
半小时漫画中国史1+中国史2+中国史3+世界史（共4册）（用漫画解读历史，阅读新潮流),陈磊,150.0,江苏文艺出版社
快乐读书吧：小鲤鱼跳龙门+孤独的小螃蟹+一只想飞的猫+小狗的小房子+歪脑袋木头桩 统编小学语文教科书必读书目（套装全5册/全彩注音）,金近,56.3,明天出版社
中国幽默儿童文学创作;任溶溶系列：注音版：没头脑和不高兴,任溶溶,17.8,浙江少年儿童出版社
中国通史（全译全注软精装珍藏插图版）,吕思勉,31.95,群言出版社
国际绘本大师托尼·罗斯：不许抠鼻子！（启发童书馆出品）,托尼·罗斯,36.4,北京联合出版公司
影响孩子一生的世界名著/名人传记小中学生励志三四五六年级7-10-13岁课外书籍少年儿童读物文学,(美)杰罗姆·大卫·塞林格,32.8,贵州大学出版社 北京教育
孤独是生命的礼物,余光中,34.2,长江文艺出版社
看！不一样的爸爸（献给爸爸和孩子的共读礼物，让爸爸不再缺席亲子时光 套装6册）,加利·帕森斯,230.4,浙江工商大学出版社
我爸爸+我妈妈（全两册）（启发童书馆出品）,〔英〕安东尼.布朗,61.7,河北教育出版社
凯迪克金奖绘本：晴朗的一天（启发童书馆出品）,诺尼·霍格罗金,29.5,河北教育出版社
自控力 职场社交人际交往沟通情绪掌控管理自我调节正能量青春励志读物人性的弱点心灵与修养正能,,3.8,成都地图出版社
长腿叔叔,韦伯斯特,34.1,吉林美术出版社
汴京之围：北宋末年的外交、战争和人（京东定制版·限量赠送辽金宋外交战争线索图+限量签名本，随机发货）,郭建龙,74.1,天地出版社
长安十二时辰（上下共两册）,马伯庸,75.6,湖南文艺出版社
法布尔昆虫记（儿童注音美绘本）,法布尔,36.4,北方妇女儿童出版社
成功学：鬼谷子+墨菲定律+狼道+羊皮卷+方与圆+人性的弱点+九型人格 等（套装共12册）,李原,200.0,吉林文史出版社
信谊绘本世界精选图画书：猜猜我有多爱你,山姆·麦克布雷尼,38.8,明天出版社
能力陷阱（樊登读书创始人樊登博士特别推荐,埃米尼亚.伊贝拉,55.4,北京联合出版公司
内向思考(美国西点军校的卓越思维训练),雷蒙德.卡特利奇,44.6,中国友谊出版公司
小小的我·心灵成长绘本（让小小的我勇敢面对大大的世界）,日野原重明,38.2,中国人口出版社
影响孩子一生的世界名著全8册小王子昆虫记 四五六年级阅读中小学生课外读物书籍名著11-14岁儿童,满99立减50！【正版特惠】,29.8,辽宁科学技术出版社
万能工程师麦克：套装全20册（新版）,乔治·约翰逊,250.0,长江少年儿童出版社
人类简史（绘本版）：给孩子的世界历史超图解,贝特朗·菲舒,121.6,中信出版集团
唐诗三百首（儿童注音美绘本）,思睿,36.4,北方妇女儿童出版社
10册抖音书籍 你不努力谁也给不了你想要的生活 没伞的孩子必须努力奔跑青春励志成功书籍,,39.8,吉林文史出版社
半小时漫画中国史1+中国史2+中国史3+世界史（共4册）（用漫画解读历史，阅读新潮流),陈磊,150.0,江苏文艺出版社
快乐读书吧：小鲤鱼跳龙门+孤独的小螃蟹+一只想飞的猫+小狗的小房子+歪脑袋木头桩 统编小学语文教科书必读书目（套装全5册/全彩注音）,金近,56.3,明天出版社
中国幽默儿童文学创作;任溶溶系列：注音版：没头脑和不高兴,任溶溶,17.8,浙江少年儿童出版社
中国通史（全译全注软精装珍藏插图版）,吕思勉,31.95,群言出版社
国际绘本大师托尼·罗斯：不许抠鼻子！（启发童书馆出品）,托尼·罗斯,36.4,北京联合出版公司
影响孩子一生的世界名著/名人传记小中学生励志三四五六年级7-10-13岁课外书籍少年儿童读物文学,(美)杰罗姆·大卫·塞林格,32.8,贵州大学出版社 北京教育
孤独是生命的礼物,余光中,34.2,长江文艺出版社
看！不一样的爸爸（献给爸爸和孩子的共读礼物，让爸爸不再缺席亲子时光 套装6册）,加利·帕森斯,230.4,浙江工商大学出版社
我爸爸+我妈妈（全两册）（启发童书馆出品）,〔英〕安东尼.布朗,61.7,河北教育出版社
凯迪克金奖绘本：晴朗的一天（启发童书馆出品）,诺尼·霍格罗金,29.5,河北教育出版社
自控力 职场社交人际交往沟通情绪掌控管理自我调节正能量青春励志读物人性的弱点心灵与修养正能,,3.8,成都地图出版社
长腿叔叔,韦伯斯特,34.1,吉林美术出版社
汴京之围：北宋末年的外交、战争和人（京东定制版·限量赠送辽金宋外交战争线索图+限量签名本，随机发货）,郭建龙,74.1,天地出版社
长安十二时辰（上下共两册）,马伯庸,75.6,湖南文艺出版社
法布尔昆虫记（儿童注音美绘本）,法布尔,36.4,北方妇女儿童出版社
成功学：鬼谷子+墨菲定律+狼道+羊皮卷+方与圆+人性的弱点+九型人格 等（套装共12册）,李原,200.0,吉林文史出版社
信谊绘本世界精选图画书：猜猜我有多爱你,山姆·麦克布雷尼,38.8,明天出版社
能力陷阱（樊登读书创始人樊登博士特别推荐,埃米尼亚.伊贝拉,55.4,北京联合出版公司
内向思考(美国西点军校的卓越思维训练),雷蒙德.卡特利奇,44.6,中国友谊出版公司
【2019年诺贝尔经济学奖】贫穷的本质：我们为什么摆脱不了贫穷,阿比吉特·巴纳吉,37.7,中信出版集团
半小时漫画中国史4（看半小时漫画，通五千年历史！一到宋朝，梗就扑面而来！系列第4部）,陈磊,47.4,海南出版社
宫西达也的智慧绘本：狼与小猪系列（套装共6册）读懂幽默的智慧和幸福的感知力,宫西达也,98.0,青岛出版社
DK乐高创意搭建（套装共2册）,丹尼尔·利普科维茨,319.2,国家开放大学出版社
深度沟通（快速掌控谈话）,"约瑟夫.A.,德维托",51.5,北京联合出版公司
世界儿童文学大师林格伦作品选集·美绘版：长袜子皮皮,阿斯特丽德·林格伦,22.8,中国少年儿童出版社
大英儿童漫画百科（为孩子量身打造的知识博物馆 套装 1-40册）,美国大英百科全书公司,700.0,湖南少年儿童出版社
【获奖绘本】20册幼儿童绘本3-6岁幼儿园情商性格培养绘本宝宝睡前童话故事书一年级绘本 20册绘本合集,尹倩,119.0,武汉理工大学出版社
精选新锐作家赖马：十二生肖的故事（启发童书馆出品）,赖马,39.4,河北教育出版社
乌合之众（原版插图，无删减版）,古斯塔夫·勒庞,21.2,中国妇女出版社
笑场,李诞,34.2,湖南文艺出版社
宫西达也的超人系列绘本（套装全3册）：加法超人与算术星人+正义之士+奇幻超人,宫西达也,54.9,青岛出版社
苏菲的世界（新版）,乔斯坦·贾德,28.5,作家出版社
我喜欢自己（启发童书馆出品）,南希·卡尔森,27.5,河北教育出版社
观山海：“百鬼画师”杉泽绝美诠释《山海经》，带你找回失落的上古神秘世界,杉泽,136.0,湖南文艺出版社
红与黑（高晓松推荐   法国国家,果麦文化 出品；司汤达,41.2,天津人民出版社
信谊绘本世界精选图画书：逃家小兔,玛格丽特·怀兹·布朗,33.8,明天出版社
不能承受的生命之轻（新）,米兰·昆德拉,30.7,上海译文出版社
作家榜经典：月亮与六便士（2018京东小说销量桂冠！2017豆瓣阅读销量桂冠！上海国际学校指定必读版）,毛姆,35.8,浙江文艺出版社
洋洋兔童书·我们的北京：画给孩子的古都探秘之旅,洋洋兔,38.3,群言出版社
夏洛的网（中文版） 三年级推荐课外阅读书,E·B·怀特,19.5,上海译文出版社
人间至美是清欢（诺贝尔文学奖获奖作品）,尤金·奥尼尔,29.88,中国文联出版社
终身成长：重新定义成功的思维模式,卡罗尔·德韦克,37.4,江西人民出版社
零基础学Python（全彩版）,明日科技,56.4,吉林大学出版社
邦臣小红花·我的第一套启蒙认知贴纸书（2-5岁 套装全8册）,北京小红花图书工作室,53.2,中国人口出版社
【2019年诺贝尔经济学奖】贫穷的本质：我们为什么摆脱不了贫穷,阿比吉特·巴纳吉,37.7,中信出版集团
半小时漫画中国史4（看半小时漫画，通五千年历史！一到宋朝，梗就扑面而来！系列第4部）,陈磊,47.4,海南出版社
宫西达也的智慧绘本：狼与小猪系列（套装共6册）读懂幽默的智慧和幸福的感知力,宫西达也,98.0,青岛出版社
DK乐高创意搭建（套装共2册）,丹尼尔·利普科维茨,319.2,国家开放大学出版社
深度沟通（快速掌控谈话）,"约瑟夫.A.,德维托",51.5,北京联合出版公司
世界儿童文学大师林格伦作品选集·美绘版：长袜子皮皮,阿斯特丽德·林格伦,22.8,中国少年儿童出版社
大英儿童漫画百科（为孩子量身打造的知识博物馆 套装 1-40册）,美国大英百科全书公司,700.0,湖南少年儿童出版社
【获奖绘本】20册幼儿童绘本3-6岁幼儿园情商性格培养绘本宝宝睡前童话故事书一年级绘本 20册绘本合集,尹倩,119.0,武汉理工大学出版社
精选新锐作家赖马：十二生肖的故事（启发童书馆出品）,赖马,39.4,河北教育出版社
乌合之众（原版插图，无删减版）,古斯塔夫·勒庞,21.2,中国妇女出版社
笑场,李诞,34.2,湖南文艺出版社
宫西达也的超人系列绘本（套装全3册）：加法超人与算术星人+正义之士+奇幻超人,宫西达也,54.9,青岛出版社
苏菲的世界（新版）,乔斯坦·贾德,28.5,作家出版社
我喜欢自己（启发童书馆出品）,南希·卡尔森,27.5,河北教育出版社
观山海：“百鬼画师”杉泽绝美诠释《山海经》，带你找回失落的上古神秘世界,杉泽,136.0,湖南文艺出版社
红与黑（高晓松推荐   法国国家,果麦文化 出品；司汤达,41.2,天津人民出版社
信谊绘本世界精选图画书：逃家小兔,玛格丽特·怀兹·布朗,33.8,明天出版社
不能承受的生命之轻（新）,米兰·昆德拉,30.7,上海译文出版社
作家榜经典：月亮与六便士（2018京东小说销量桂冠！2017豆瓣阅读销量桂冠！上海国际学校指定必读版）,毛姆,35.8,浙江文艺出版社
洋洋兔童书·我们的北京：画给孩子的古都探秘之旅,洋洋兔,38.3,群言出版社
夏洛的网（中文版） 三年级推荐课外阅读书,E·B·怀特,19.5,上海译文出版社
人间至美是清欢（诺贝尔文学奖获奖作品）,尤金·奥尼尔,29.88,中国文联出版社
终身成长：重新定义成功的思维模式,卡罗尔·德韦克,37.4,江西人民出版社
零基础学Python（全彩版）,明日科技,56.4,吉林大学出版社
邦臣小红花·我的第一套启蒙认知贴纸书（2-5岁 套装全8册）,北京小红花图书工作室,53.2,中国人口出版社
犹太人智慧全书,周乐,13.6,辽海出版社
晚清民国时期中国名胜古迹图集（全本精装版 套装共12册）,常盘大定,1306.8,中国画报出版社
2019第十届茅盾文学奖获奖作品：人世间（套装共3册）,梁晓声,142.8,中国青年出版社
国际绘本大师芭芭拉·库尼：花婆婆（启发童书馆出品）二年级推荐课外阅读书,芭芭拉·库尼,25.4,河北教育出版社
显微镜下的大明（马伯庸新作）,马伯庸,49.4,湖南文艺出版社
可爱的物理（全8册 重力、摩擦力、浮力、声音、磁铁、热的传递、水的状态、弹性与弹力-恐龙小Q）,谢茹,54.5,北京日报出版社
中国通史（赠特制书签 京东定制版）,钱穆,49.4,天地出版社
数学星球 让孩子爱上数学的趣味绘本,卡莉娜·卢瓦尔,55.1,中国人口出版社
全40册儿童绘本早教启蒙故事书3-6岁宝宝性格情商好习惯培养幼儿园正版适合小中班益智配图睡前故事,,69.8,//
【到手价34.8】诺贝尔文学奖6册 巴比特 局外人 邪恶之路 荒原狼等外国小说世界名著畅销,,134.8,江苏凤凰美术出版社
【超级秒杀】全套10册鬼谷子正版全集狼道墨菲定律人性的弱点羊皮卷口才三绝为人三会修心三不情商课,鬼谷子,58.8,中国文史出版社
365夜睡前故事（套装共4册）彩图注音 3-6岁晚安故事  成长绘本 亲子阅读,崔钟雷,59.1,黑龙江美术出版社
正版20册 人性的弱点狼道鬼谷子全集羊皮卷墨菲定律九型人格读心术口才三绝修心三不为人三会成功学,,71.8,吉林文史出版社
历史的温度（套装共4册）,张玮,160.5,中信出版集团股份有限公司
你想活出怎样的人生（影响宫崎骏一生的小说，动画大师高龄复出制作同名电影，即将上映！）,吉野源三郎,49.5,南海出版公司
路遥：早晨从中午开始,路遥,20.9,北京十月文艺出版社
洋洋兔童书·我们的节日：画给孩子的中国传统节日,洋洋兔,34.5,群言出版社
中国科幻基石丛书：三体（1）地球往事/中国科幻银河奖特别获奖作品,刘慈欣,21.9,重庆出版社
中华上下五千年 小学生新课标必读名著儿童注音美绘本 小笨熊,崔钟雷,55.6,黑龙江省美术出版社
读懂一本书：樊登读书法（京东尊享思维导图）,樊登,44.3,中信出版集团
STEAM课程水先生的奇妙之旅 创意玩科学实验套装（套装共16本，32个有趣科学小实验）,奥古斯汀·特拉尼,330.0,海燕出版社
罗尔德•达尔作品典藏（13本套装）, 罗尔德·达尔,275.2,明天出版社
杨红樱笑猫日记（新套装24册）,杨红樱,399.9,明天出版社
开车出发系列绘本 第一辑（套装共7册）新版,间濑直方,133.0,二十一世纪出版社
目送（插图新版）,龙应台,32.3,广西师范大学出版社
犹太人智慧全书,周乐,13.6,辽海出版社
晚清民国时期中国名胜古迹图集（全本精装版 套装共12册）,常盘大定,1306.8,中国画报出版社
2019第十届茅盾文学奖获奖作品：人世间（套装共3册）,梁晓声,142.8,中国青年出版社
国际绘本大师芭芭拉·库尼：花婆婆（启发童书馆出品）二年级推荐课外阅读书,芭芭拉·库尼,25.4,河北教育出版社
显微镜下的大明（马伯庸新作）,马伯庸,49.4,湖南文艺出版社
可爱的物理（全8册 重力、摩擦力、浮力、声音、磁铁、热的传递、水的状态、弹性与弹力-恐龙小Q）,谢茹,54.5,北京日报出版社
中国通史（赠特制书签 京东定制版）,钱穆,49.4,天地出版社
数学星球 让孩子爱上数学的趣味绘本,卡莉娜·卢瓦尔,55.1,中国人口出版社
全40册儿童绘本早教启蒙故事书3-6岁宝宝性格情商好习惯培养幼儿园正版适合小中班益智配图睡前故事,,69.8,//
【到手价34.8】诺贝尔文学奖6册 巴比特 局外人 邪恶之路 荒原狼等外国小说世界名著畅销,,134.8,江苏凤凰美术出版社
【超级秒杀】全套10册鬼谷子正版全集狼道墨菲定律人性的弱点羊皮卷口才三绝为人三会修心三不情商课,鬼谷子,58.8,中国文史出版社
365夜睡前故事（套装共4册）彩图注音 3-6岁晚安故事  成长绘本 亲子阅读,崔钟雷,59.1,黑龙江美术出版社
正版20册 人性的弱点狼道鬼谷子全集羊皮卷墨菲定律九型人格读心术口才三绝修心三不为人三会成功学,,71.8,吉林文史出版社
历史的温度（套装共4册）,张玮,160.5,中信出版集团股份有限公司
你想活出怎样的人生（影响宫崎骏一生的小说，动画大师高龄复出制作同名电影，即将上映！）,吉野源三郎,49.5,南海出版公司
路遥：早晨从中午开始,路遥,20.9,北京十月文艺出版社
洋洋兔童书·我们的节日：画给孩子的中国传统节日,洋洋兔,34.5,群言出版社
中国科幻基石丛书：三体（1）地球往事/中国科幻银河奖特别获奖作品,刘慈欣,21.9,重庆出版社
中华上下五千年 小学生新课标必读名著儿童注音美绘本 小笨熊,崔钟雷,55.6,黑龙江省美术出版社
读懂一本书：樊登读书法（京东尊享思维导图）,樊登,44.3,中信出版集团
STEAM课程水先生的奇妙之旅 创意玩科学实验套装（套装共16本，32个有趣科学小实验）,奥古斯汀·特拉尼,330.0,海燕出版社
罗尔德•达尔作品典藏（13本套装）, 罗尔德·达尔,275.2,明天出版社
杨红樱笑猫日记（新套装24册）,杨红樱,399.9,明天出版社
开车出发系列绘本 第一辑（套装共7册）新版,间濑直方,133.0,二十一世纪出版社
目送（插图新版）,龙应台,32.3,广西师范大学出版社
全套30本墨菲定律鬼谷子狼道正版人性的弱点羊皮卷原著创业莫非受益一生的人生必读10本书十强者成功,,98.0,羊城晚报出版社
好饿的小蛇 让孩子爱上阅读的趣味绘本 蒲蒲兰绘本 宫西达也,宫西达也,31.7,二十一世纪出版社
麦克格雷涅茨绘本馆：彩虹色的花,麦克·格雷涅茨,45.5,二十一世纪出版社
没头脑和不高兴 任溶溶幽默儿童文学创作（注音版）典藏本（套装共6册）,任溶溶,97.0,浙江少年儿童出版社
幼儿十万个为什么（儿童注音版）,铁皮人美术,36.4,北方妇女儿童出版社
大脚丫学芭蕾、大脚丫跳芭蕾、大脚丫和玻璃鞋、大脚丫游巴黎（套装全4册）（启发童书馆出品）,柯倩华,118.0,河北教育出版社
10册抖音书籍 你不努力谁也给不了你想要的生活 没伞的孩子必须努力奔跑青春励志成功书籍,,35.0,吉林文史出版社
睡觉去，小怪物（启发童书馆出品）,马里奥·拉莫,27.5,北京联合出版社
德鲁克 卓有成效的管理者（2019年新版）,彼得·德鲁克,52.6,机械工业出版社
见识,吴军,36.8,中信出版集团
中国史系列:拿得起放不下+一看就停不下来(套装全2册),王汉周,71.76,北方文艺出版社、台海出版社
罗尔德·达尔作品典藏·了不起的狐狸爸爸, 罗尔德·达尔,14.9,明天出版社
姜小牙上学记（套装共4册）米小圈姊妹篇注音版,北猫,89.1,四川少年儿童出版社
活着,余华,35.0,北京十月文艺出版社
黄仁宇作品系列：万历十五年　【荐书联盟推荐】,黄仁宇,20.5,生活·读书·新知三联书店
银河帝国礼盒珍藏版大全集（套装共15册+银河战舰灯）,艾萨克·阿西莫夫,400.0,江苏文艺出版社
克里克塔  小学指定书单必备 蒲蒲兰绘本 一年级推荐课外阅读书,蒲蒲兰,37.6,二十一世纪出版社
花格子大象艾玛世界精选绘本（套装共12册）,英,264.1,中信出版集团
义务教育教科书·学生学具卡片：数学二年级上册（配课标）,人民教育出版社,0.9,人民教育出版社
最新版上下五千年（套装上中下册）,林汉达,57.4,少年儿童出版社
蹦 新手妈妈育儿0-3岁语言培养蒲蒲兰绘本,松冈达英,24.8,二十一世纪出版社
（现货）俄罗斯大师科学丛书，全世界孩子最喜爱的趣味科学科普系列，专为拯救无数害怕数理化的孩子打造 （全10册礼盒版）,别莱利曼,135.0,中国妇女出版社
和小鸡球球一起玩（套装共6册）（新版）,入山·智,150.0,长江少年儿童出版社
狼道,梦华,15.8,吉林文史出版社
恐龙百科（儿童注音版）,李绍苗,36.4,北方妇女儿童出版社
全套30本墨菲定律鬼谷子狼道正版人性的弱点羊皮卷原著创业莫非受益一生的人生必读10本书十强者成功,,98.0,羊城晚报出版社
好饿的小蛇 让孩子爱上阅读的趣味绘本 蒲蒲兰绘本 宫西达也,宫西达也,31.7,二十一世纪出版社
麦克格雷涅茨绘本馆：彩虹色的花,麦克·格雷涅茨,45.5,二十一世纪出版社
没头脑和不高兴 任溶溶幽默儿童文学创作（注音版）典藏本（套装共6册）,任溶溶,97.0,浙江少年儿童出版社
幼儿十万个为什么（儿童注音版）,铁皮人美术,36.4,北方妇女儿童出版社
大脚丫学芭蕾、大脚丫跳芭蕾、大脚丫和玻璃鞋、大脚丫游巴黎（套装全4册）（启发童书馆出品）,柯倩华,118.0,河北教育出版社
10册抖音书籍 你不努力谁也给不了你想要的生活 没伞的孩子必须努力奔跑青春励志成功书籍,,35.0,吉林文史出版社
睡觉去，小怪物（启发童书馆出品）,马里奥·拉莫,27.5,北京联合出版社
德鲁克 卓有成效的管理者（2019年新版）,彼得·德鲁克,52.6,机械工业出版社
见识,吴军,36.8,中信出版集团
中国史系列:拿得起放不下+一看就停不下来(套装全2册),王汉周,71.76,北方文艺出版社、台海出版社
罗尔德·达尔作品典藏·了不起的狐狸爸爸, 罗尔德·达尔,14.9,明天出版社
姜小牙上学记（套装共4册）米小圈姊妹篇注音版,北猫,89.1,四川少年儿童出版社
活着,余华,35.0,北京十月文艺出版社
黄仁宇作品系列：万历十五年　【荐书联盟推荐】,黄仁宇,20.5,生活·读书·新知三联书店
银河帝国礼盒珍藏版大全集（套装共15册+银河战舰灯）,艾萨克·阿西莫夫,400.0,江苏文艺出版社
克里克塔  小学指定书单必备 蒲蒲兰绘本 一年级推荐课外阅读书,蒲蒲兰,37.6,二十一世纪出版社
花格子大象艾玛世界精选绘本（套装共12册）,英,264.1,中信出版集团
义务教育教科书·学生学具卡片：数学二年级上册（配课标）,人民教育出版社,0.9,人民教育出版社
最新版上下五千年（套装上中下册）,林汉达,57.4,少年儿童出版社
蹦 新手妈妈育儿0-3岁语言培养蒲蒲兰绘本,松冈达英,24.8,二十一世纪出版社
（现货）俄罗斯大师科学丛书，全世界孩子最喜爱的趣味科学科普系列，专为拯救无数害怕数理化的孩子打造 （全10册礼盒版）,别莱利曼,135.0,中国妇女出版社
和小鸡球球一起玩（套装共6册）（新版）,入山·智,150.0,长江少年儿童出版社
狼道,梦华,15.8,吉林文史出版社
恐龙百科（儿童注音版）,李绍苗,36.4,北方妇女儿童出版社
自卑与超越（完整全译本 心理启蒙书）,阿尔弗雷德.阿德勒,34.8,中国友谊出版公司
一年级课外书小学生必备阅读名著10册昆虫记注音版儿童文学7-10岁三年级课外阅读书籍,,29.9,
洋洋兔童书·我们的生肖：画给孩子的十二生肖故事,洋洋兔,38.2,泰山出版社
洋洋兔童书·我们的神话：画给孩子的中国神话传说,洋洋兔,36.8,群言出版社
14只老鼠系列（套装共6册·第1辑）新版,岩村和朗,112.8,接力出版社
中国通史历史百科全书（套装共10册）,童超,180.9,北京联合出版公司
植物百科（儿童注音版）,李慕心,36.4,北方妇女儿童出版社
不一样的卡梅拉手绘本（套装1-16册 每个童年都应该有卡梅拉相伴）,克利斯提昂·约里波瓦,152.0,二十一世纪出版社
作家榜经典：人间失格（李现推荐！全新未删节插图珍藏版！村上春树推崇！译者获日本H氏奖！）大星文化,太宰治,35.9,中信出版集团
DK儿童百科全书（2018年全新修订版）,英国DK公司,136.6,中国大百科全书出版社
"明朝那些事儿（新版套装 全套共7册,3种封面随机发货）",当年明月,174.6,浙江人民出版社
一个孩子的诗园（彩色插图版，中英文双语，美的童诗，滋润童心）, 罗伯特·路易斯·斯蒂文森,59.8,黑龙江科学技术出版社
爱心树（2018版） （爱心树童书）,谢尔·希尔弗斯坦,35.0,北京联合出版公司
佐贺的超级阿嬷（2013年版） （爱心树童书）,岛田洋七,29.5,南海出版公司
银河帝国：基地七部曲（科幻必读经典，阿西莫夫封神之作，讲述人类未来两万年的历史。人教版七年级下册教材阅读书目。）,艾萨克·阿西莫夫,311.6,江苏凤凰文艺出版社
精选新锐作家赖马：我变成一只喷火龙了！（启发童书馆出品）,赖马,37.4,河北教育出版社
超有趣幼儿成语故事（儿童注音美绘本）,韩楚,36.4,北方妇女儿童出版社
谁藏起来了 宝宝视觉激发锻炼 1-3岁蒲蒲兰绘本,大西悟,34.5,二十一世纪出版社
了不起的盖茨比（2019年全新未删减本）,菲茨杰拉德,55.1,吉林美术出版社
幼儿小百科全书（套装共12册）,张玉光,200.0,北京联合出版公司
做内心强大的自己-自信力培养系列（套装共8册-恐龙小Q）,恐龙小Q儿童创想中心,57.1,五洲传播出版社
信谊世界精选图画书-母鸡萝丝去散步,佩特·哈群斯,36.8,明天出版社
汗青堂丛书035·闽国：10世纪的中国南方王国,薛爱华,37.4,上海文化出版社
麦克格雷涅茨绘本馆：月亮的味道,麦克·格雷涅茨,33.3,二十一世纪出版社集团
格林童话（儿童注音美绘本）,威廉·格林,36.4,北方妇女儿童出版社
自卑与超越（完整全译本 心理启蒙书）,阿尔弗雷德.阿德勒,34.8,中国友谊出版公司
一年级课外书小学生必备阅读名著10册昆虫记注音版儿童文学7-10岁三年级课外阅读书籍,,29.9,
洋洋兔童书·我们的生肖：画给孩子的十二生肖故事,洋洋兔,38.2,泰山出版社
洋洋兔童书·我们的神话：画给孩子的中国神话传说,洋洋兔,36.8,群言出版社
14只老鼠系列（套装共6册·第1辑）新版,岩村和朗,112.8,接力出版社
中国通史历史百科全书（套装共10册）,童超,180.9,北京联合出版公司
植物百科（儿童注音版）,李慕心,36.4,北方妇女儿童出版社
不一样的卡梅拉手绘本（套装1-16册 每个童年都应该有卡梅拉相伴）,克利斯提昂·约里波瓦,152.0,二十一世纪出版社
作家榜经典：人间失格（李现推荐！全新未删节插图珍藏版！村上春树推崇！译者获日本H氏奖！）大星文化,太宰治,35.9,中信出版集团
DK儿童百科全书（2018年全新修订版）,英国DK公司,136.6,中国大百科全书出版社
"明朝那些事儿（新版套装 全套共7册,3种封面随机发货）",当年明月,174.6,浙江人民出版社
一个孩子的诗园（彩色插图版，中英文双语，美的童诗，滋润童心）, 罗伯特·路易斯·斯蒂文森,59.8,黑龙江科学技术出版社
爱心树（2018版） （爱心树童书）,谢尔·希尔弗斯坦,35.0,北京联合出版公司
佐贺的超级阿嬷（2013年版） （爱心树童书）,岛田洋七,29.5,南海出版公司
银河帝国：基地七部曲（科幻必读经典，阿西莫夫封神之作，讲述人类未来两万年的历史。人教版七年级下册教材阅读书目。）,艾萨克·阿西莫夫,311.6,江苏凤凰文艺出版社
精选新锐作家赖马：我变成一只喷火龙了！（启发童书馆出品）,赖马,37.4,河北教育出版社
超有趣幼儿成语故事（儿童注音美绘本）,韩楚,36.4,北方妇女儿童出版社
谁藏起来了 宝宝视觉激发锻炼 1-3岁蒲蒲兰绘本,大西悟,34.5,二十一世纪出版社
了不起的盖茨比（2019年全新未删减本）,菲茨杰拉德,55.1,吉林美术出版社
幼儿小百科全书（套装共12册）,张玉光,200.0,北京联合出版公司
做内心强大的自己-自信力培养系列（套装共8册-恐龙小Q）,恐龙小Q儿童创想中心,57.1,五洲传播出版社
信谊世界精选图画书-母鸡萝丝去散步,佩特·哈群斯,36.8,明天出版社
汗青堂丛书035·闽国：10世纪的中国南方王国,薛爱华,37.4,上海文化出版社
麦克格雷涅茨绘本馆：月亮的味道,麦克·格雷涅茨,33.3,二十一世纪出版社集团
格林童话（儿童注音美绘本）,威廉·格林,36.4,北方妇女儿童出版社
3-6岁托托踢踢·了不起的情绪力（套装全6册）,美里克斯尔·马蒂,142.5,长江少年儿童出版社
洋洋兔童书·我们的宋词：画给孩子的绝美人间词话,洋洋兔,31.5,群言出版社
一粒种子的旅行 （爱心树童书）,安妮·默勒,35.0,南海出版公司
我与地坛（2018修订版）,史铁生,24.8,人民文学出版社
你看起来好像很好吃 让孩子学会克制和爱的绘本 蒲蒲兰绘本,宫西达也,36.4,二十一世纪出版社
漫画算法：小灰的算法之旅（全彩）（限量签名 随机发售）,魏梦舒,75.1,电子工业出版社
米小圈上学记四年级（套装共4册）小学生课外阅读书籍,北猫,99.0,四川少年儿童出版社
万历十五年（精装）,黄仁宇,31.5,生活·读书·新知三联书店
米小圈日记本：飞翔,北猫,25.7,四川少年儿童出版社
米小圈上学记一年级--四年级（套装共16册）小学生课外阅读书籍,北猫,396.0,四川少年儿童出版社
乌丢丢的奇遇 曹文轩推荐儿童文学经典书系,金波,14.9,北京教育出版社
中央帝国密码三部曲（财政密码，哲学密码，军事密码）,郭建龙,197.1,鹭江出版社
不一样的卡梅拉动漫绘本13-22·套装共10册,克里斯提昂.约里波瓦,95.0,二十一世纪出版社
小鹿斑比,萨尔腾,51.0,吉林美术出版社
3-6岁少儿揭秘科普翻翻书（套装共12册）揭秘系列好玩又好学 乐乐趣童书出品,克里斯·奥克雷德,458.8,未来出版社
村上春树：1Q84 BOOK 1-3 套装2018版,村上春树,111.6,南海出版公司
生命的故事（共30册）新版（两种包装随机发货）,新开孝,300.0,时代出版传媒股份有限公司
一战战史全集 世界大战 战争形势和战略战术 武器 政治军事历史战争战略,,3.8,吉林文史出版社
人间失格（最新修订精装典藏本）,太宰治,26.1,武汉出版社
小屁孩日记 中英双语（套装1-22册）,杰夫·金尼,320.0,新世纪出版社
揭秘海洋（3-6岁少儿科普翻翻书）揭秘系列好玩又好学 乐乐趣童书出品,阿妮塔·盖恩瑞,54.0,未来出版社
信谊绘本世界精选图画书：青蛙和蟾蜍 （套装4册）,艾诺·洛贝尔,62.8,明天出版社
福尔摩斯探案集全集 青少版少儿版全4册 学校指定 小学生阅读课外书必读少儿文学悬疑推理小说售后,,3.8,延边大学出版社
幽默教育绘本：11只猫（调皮的孩子也聪明套装共6册）,马场登,140.0,北京联合出版公司
注音版一年级课外书小学生课外阅读书籍儿童书籍7-10岁读物 二年级课外阅读三年级课外书 海底两万里 世界名著全10册,,29.8,辽海出版社
3-6岁托托踢踢·了不起的情绪力（套装全6册）,美里克斯尔·马蒂,142.5,长江少年儿童出版社
洋洋兔童书·我们的宋词：画给孩子的绝美人间词话,洋洋兔,31.5,群言出版社
一粒种子的旅行 （爱心树童书）,安妮·默勒,35.0,南海出版公司
我与地坛（2018修订版）,史铁生,24.8,人民文学出版社
你看起来好像很好吃 让孩子学会克制和爱的绘本 蒲蒲兰绘本,宫西达也,36.4,二十一世纪出版社
漫画算法：小灰的算法之旅（全彩）（限量签名 随机发售）,魏梦舒,75.1,电子工业出版社
米小圈上学记四年级（套装共4册）小学生课外阅读书籍,北猫,99.0,四川少年儿童出版社
万历十五年（精装）,黄仁宇,31.5,生活·读书·新知三联书店
米小圈日记本：飞翔,北猫,25.7,四川少年儿童出版社
米小圈上学记一年级--四年级（套装共16册）小学生课外阅读书籍,北猫,396.0,四川少年儿童出版社
乌丢丢的奇遇 曹文轩推荐儿童文学经典书系,金波,14.9,北京教育出版社
中央帝国密码三部曲（财政密码，哲学密码，军事密码）,郭建龙,197.1,鹭江出版社
不一样的卡梅拉动漫绘本13-22·套装共10册,克里斯提昂.约里波瓦,95.0,二十一世纪出版社
小鹿斑比,萨尔腾,51.0,吉林美术出版社
3-6岁少儿揭秘科普翻翻书（套装共12册）揭秘系列好玩又好学 乐乐趣童书出品,克里斯·奥克雷德,458.8,未来出版社
村上春树：1Q84 BOOK 1-3 套装2018版,村上春树,111.6,南海出版公司
生命的故事（共30册）新版（两种包装随机发货）,新开孝,300.0,时代出版传媒股份有限公司
一战战史全集 世界大战 战争形势和战略战术 武器 政治军事历史战争战略,,3.8,吉林文史出版社
人间失格（最新修订精装典藏本）,太宰治,26.1,武汉出版社
小屁孩日记 中英双语（套装1-22册）,杰夫·金尼,320.0,新世纪出版社
揭秘海洋（3-6岁少儿科普翻翻书）揭秘系列好玩又好学 乐乐趣童书出品,阿妮塔·盖恩瑞,54.0,未来出版社
信谊绘本世界精选图画书：青蛙和蟾蜍 （套装4册）,艾诺·洛贝尔,62.8,明天出版社
福尔摩斯探案集全集 青少版少儿版全4册 学校指定 小学生阅读课外书必读少儿文学悬疑推理小说售后,,3.8,延边大学出版社
幽默教育绘本：11只猫（调皮的孩子也聪明套装共6册）,马场登,140.0,北京联合出版公司
注音版一年级课外书小学生课外阅读书籍儿童书籍7-10岁读物 二年级课外阅读三年级课外书 海底两万里 世界名著全10册,,29.8,辽海出版社
时代广场的蟋蟀：三年级推荐课外阅读书（麦克米伦世纪童书馆）,乔治.塞尔登,17.1,二十一世纪出版社
抖音推荐励志书籍10册 你不努力没人能给你想要的生活全十册 戒了吧拖延症 别在吃苦的年纪选择安逸,,38.0,研究出版社
Python项目开发案例集锦（全彩版）,明日科技,90.5,吉林大学出版社
小英雄雨来 曹文轩推荐儿童文学经典书系,管桦,14.1,北京教育出版社
做最好的自己10册注音版 一年级读物小学生二三年级课外阅读书籍 儿童文学7-10岁少儿,,38.0,湖北美术出版社
村上春树：当我谈跑步时，我谈些什么（2015版）,村上春树,34.2,南海出版公司
小王子（畅销350万册新版，法国“圣埃克苏佩里基金会”官方认可简体中文版）【果麦经典】,果麦文化 出品；安托万·德·圣埃克苏佩里,39.0,天津人民出版社
动物小说大王沈石溪·品藏书系新版：狼王梦,沈石溪,25.7,浙江少年儿童出版社
深入理解Java虚拟机：JVM高级特性与最佳实践（第2版）,周志明,65.2,机械工业出版社
暖房子游乐园·宫西达也小卡车绘本全5册（附赠5个授权小卡车拼插模型）,宫西达也,123.8,北京联合出版公司
和小鸡球球一起玩（套装共6册）（新版）,,150.0,
走进奇妙的数学世界（套装全3册） （爱心树童书）,安野光雅,117.6,新星出版社
中国大历史：两晋南北朝+明史+秦汉史+清史+宋辽金夏元+隋唐五代+先秦史+中国近代史（套装共10册 第2版）,吕思勉,210.0,北京理工大学出版社
抖音推荐 励志书籍全10册 你不努力没人能给你想要的生活全十册 别在吃苦的年纪选择安逸 青春励志书籍,,39.8,青岛出版社
写给儿童的中华成语故事：彩图注音版（套装全四册）,刘建峰,94.8,吉林美术出版社
三毛全集02：撒哈拉的故事,三毛,35.0,北京十月文艺出版社
赋能：打造应对不确定性的敏捷团队,斯坦利·麦克里斯特尔,43.5,中信出版集团
揭秘古诗词/二十四节气/丝绸之路/汉字（3-6岁少儿科普翻翻书套装共4册）揭秘系列好玩又好学 乐乐趣童书出品,郭志瑞,199.0,未来出版社
汤姆.索亚历险记（世界文学名著少儿拓展阅读·注音版）,马克吐温,53.1,江西美术出版社
繁华落尽是孤独,季羡林,37.0,鹭江出版社
朝花夕拾 语文新课标必读丛书 教育部推荐中小学生必读名著,鲁迅,13.8,北京师范大学出版社
一条聪明的鱼 小学指定书单必备 蒲蒲兰绘本,克里斯·沃梅尔,35.4,连环画出版社
DK儿童数学思维手册,迈克·戈德史密斯,50.0,科学普及出版社
对比Excel，轻松学习Python数据分析,张俊红,56.1,电子工业出版社
东野圭吾：我杀了他,东野圭吾,52.3,南海出版公司
东野圭吾：秘密（无删节精装典藏版）,东野圭吾,45.0,南海出版公司
时代广场的蟋蟀：三年级推荐课外阅读书（麦克米伦世纪童书馆）,乔治.塞尔登,17.1,二十一世纪出版社
抖音推荐励志书籍10册 你不努力没人能给你想要的生活全十册 戒了吧拖延症 别在吃苦的年纪选择安逸,,38.0,研究出版社
Python项目开发案例集锦（全彩版）,明日科技,90.5,吉林大学出版社
小英雄雨来 曹文轩推荐儿童文学经典书系,管桦,14.1,北京教育出版社
做最好的自己10册注音版 一年级读物小学生二三年级课外阅读书籍 儿童文学7-10岁少儿,,38.0,湖北美术出版社
村上春树：当我谈跑步时，我谈些什么（2015版）,村上春树,34.2,南海出版公司
小王子（畅销350万册新版，法国“圣埃克苏佩里基金会”官方认可简体中文版）【果麦经典】,果麦文化 出品；安托万·德·圣埃克苏佩里,39.0,天津人民出版社
动物小说大王沈石溪·品藏书系新版：狼王梦,沈石溪,25.7,浙江少年儿童出版社
深入理解Java虚拟机：JVM高级特性与最佳实践（第2版）,周志明,65.2,机械工业出版社
暖房子游乐园·宫西达也小卡车绘本全5册（附赠5个授权小卡车拼插模型）,宫西达也,123.8,北京联合出版公司
走进奇妙的数学世界（套装全3册） （爱心树童书）,安野光雅,117.6,新星出版社
中国大历史：两晋南北朝+明史+秦汉史+清史+宋辽金夏元+隋唐五代+先秦史+中国近代史（套装共10册 第2版）,吕思勉,210.0,北京理工大学出版社
抖音推荐 励志书籍全10册 你不努力没人能给你想要的生活全十册 别在吃苦的年纪选择安逸 青春励志书籍,,39.8,青岛出版社
写给儿童的中华成语故事：彩图注音版（套装全四册）,刘建峰,94.8,吉林美术出版社
三毛全集02：撒哈拉的故事,三毛,35.0,北京十月文艺出版社
赋能：打造应对不确定性的敏捷团队,斯坦利·麦克里斯特尔,43.5,中信出版集团
揭秘古诗词/二十四节气/丝绸之路/汉字（3-6岁少儿科普翻翻书套装共4册）揭秘系列好玩又好学 乐乐趣童书出品,郭志瑞,199.0,未来出版社
汤姆.索亚历险记（世界文学名著少儿拓展阅读·注音版）,马克吐温,53.1,江西美术出版社
繁华落尽是孤独,季羡林,37.0,鹭江出版社
朝花夕拾 语文新课标必读丛书 教育部推荐中小学生必读名著,鲁迅,13.8,北京师范大学出版社
一条聪明的鱼 小学指定书单必备 蒲蒲兰绘本,克里斯·沃梅尔,35.4,连环画出版社
DK儿童数学思维手册,迈克·戈德史密斯,50.0,科学普及出版社
对比Excel，轻松学习Python数据分析,张俊红,56.1,电子工业出版社
东野圭吾：我杀了他,东野圭吾,52.3,南海出版公司
东野圭吾：秘密（无删节精装典藏版）,东野圭吾,45.0,南海出版公司
童立方·猜猜我是谁系列套装：宝宝的第一本躲猫猫洞洞纸板游戏书（套装共5册）,尼娜·兰登,76.0,辽宁少年儿童出版社
伊索寓言全集,伊索,51.0,吉林美术出版社
恰到好处的孤独,麦子奇,28.0,北京时代华文书局
伊索寓言（儿童注音美绘本）,伊索,36.4,北方妇女儿童出版社
点点点+变变变（套装共2册）宝宝视觉技法锻炼 1-3岁 蒲蒲兰绘本,埃尔维.杜莱,89.1,二十一世纪出版社
宫西达也 跟屁虫 让孩子体察情绪的轻松绘本 2-4岁 蒲蒲兰绘本,"宫西达也,",31.7,二十一世纪出版社
罗尔德·达尔作品典藏·查理和巧克力工厂, 罗尔德·达尔 著,21.8,明天出版社
漫眼看历史·中华文化遗产图画书（套装共12册）,思宇,100.0,四川少年儿童出版社
社会心理学（第11版 中文平装版）,戴维·迈尔斯,102.4,人民邮电出版社
大动乱的年代:1949-1976年的中国,王年一,35.0,人民出版社
中国文脉,余秋雨,38.0,长江文艺出版社
企鹅日历2020 Penguin Calendar 2020,企鹅兰登中国,96.0,中信出版集团股份有限公司
抖音推荐 正版10册 鬼谷子 人性的弱点 羊皮卷 九型人格 方与圆 狼道 墨菲定律 情商励志成功学书,,49.8,
茶馆,老舍,17.3,作家出版社
红星照耀中国（此版本内含丰富插图 畅销800万册 教育部指定版本）,埃德加·斯诺,40.9,人民文学出版社
人性的枷锁（如果你正在对自己的人生感到迷茫，一定要读《人性的枷锁》！全新精装珍藏版）读客经典文库,毛姆,94.9,江苏凤凰文艺出版社
老人与海（2018年全本无删节插图版，海明威故居收藏）,海明威,28.8,黑龙江科学技术出版社
笠翁对韵（全本）/语文新课标必读书,李渔,16.2,中国文史出版社
心流：最优体验心理学,米哈里·契克森米哈赖,36.8,中信出版集团
企鹅萌萌AR 宝宝安全教育必备丛书（套装全8册）,上海仙剑文化传媒股份有限公司,70.4,山东美术出版社
朗读者II（套装1-3辑）,董卿,130.2,人民文学出版社
莫泊桑短篇小说集,莫泊桑,31.1,黑龙江科学技术出版社
我的时间（套装全3册）一年有十二个月、一个星期有七天、一天有二十四小时,安娜·彼得斯,91.2,阳光出版社
东野圭吾：我的老师是侦探 （爱心树童书）,东野圭吾,39.1,南海出版公司
小王子三部曲（一直以来，我们只读了《小王子》的三分之一！纪念小王子诞生75周年完整珍藏版！全新译本、全新彩色插图完整重现《小王子》原貌,圣-埃克苏佩里,94.9,文汇出版社
产品思维:从新手到资深产品经理,刘飞,44.9,中信出版集团
月亮与六便士（未删减足本，毛姆经典著作，毛姆故居典藏版本，豆瓣高分推荐！）, 毛姆,31.1,开明出版社
博尔赫斯全集·第一辑（套装16册）,豪尔赫·路易斯·博尔赫斯,327.8,上海译文出版社
自我保护意识培养第2辑:我不会走丢+绝对不能保守的秘密（套装全2册 2016版）,达柯玛尔·盖斯勒,50.0,辽宁人民出版社
红星照耀中国（又译《西行漫记》）（畅销800万册 青少版 人民文学出版社）教育部八年级上语文教科书名著导读指定书目,埃德加·斯诺,22.7,人民文学出版社
童立方·猜猜我是谁系列套装：宝宝的第一本躲猫猫洞洞纸板游戏书（套装共5册）,尼娜·兰登,76.0,辽宁少年儿童出版社
伊索寓言全集,伊索,51.0,吉林美术出版社
恰到好处的孤独,麦子奇,28.0,北京时代华文书局
伊索寓言（儿童注音美绘本）,伊索,36.4,北方妇女儿童出版社
点点点+变变变（套装共2册）宝宝视觉技法锻炼 1-3岁 蒲蒲兰绘本,埃尔维.杜莱,89.1,二十一世纪出版社
宫西达也 跟屁虫 让孩子体察情绪的轻松绘本 2-4岁 蒲蒲兰绘本,"宫西达也,",31.7,二十一世纪出版社
罗尔德·达尔作品典藏·查理和巧克力工厂, 罗尔德·达尔 著,21.8,明天出版社
漫眼看历史·中华文化遗产图画书（套装共12册）,思宇,100.0,四川少年儿童出版社
社会心理学（第11版 中文平装版）,戴维·迈尔斯,102.4,人民邮电出版社
大动乱的年代:1949-1976年的中国,王年一,35.0,人民出版社
中国文脉,余秋雨,38.0,长江文艺出版社
企鹅日历2020 Penguin Calendar 2020,企鹅兰登中国,96.0,中信出版集团股份有限公司
抖音推荐 正版10册 鬼谷子 人性的弱点 羊皮卷 九型人格 方与圆 狼道 墨菲定律 情商励志成功学书,,49.8,
茶馆,老舍,17.3,作家出版社
红星照耀中国（此版本内含丰富插图 畅销800万册 教育部指定版本）,埃德加·斯诺,40.9,人民文学出版社
人性的枷锁（如果你正在对自己的人生感到迷茫，一定要读《人性的枷锁》！全新精装珍藏版）读客经典文库,毛姆,94.9,江苏凤凰文艺出版社
老人与海（2018年全本无删节插图版，海明威故居收藏）,海明威,28.8,黑龙江科学技术出版社
笠翁对韵（全本）/语文新课标必读书,李渔,16.2,中国文史出版社
心流：最优体验心理学,米哈里·契克森米哈赖,36.8,中信出版集团
企鹅萌萌AR 宝宝安全教育必备丛书（套装全8册）,上海仙剑文化传媒股份有限公司,70.4,山东美术出版社
朗读者II（套装1-3辑）,董卿,130.2,人民文学出版社
莫泊桑短篇小说集,莫泊桑,31.1,黑龙江科学技术出版社
我的时间（套装全3册）一年有十二个月、一个星期有七天、一天有二十四小时,安娜·彼得斯,91.2,阳光出版社
东野圭吾：我的老师是侦探 （爱心树童书）,东野圭吾,39.1,南海出版公司
小王子三部曲（一直以来，我们只读了《小王子》的三分之一！纪念小王子诞生75周年完整珍藏版！全新译本、全新彩色插图完整重现《小王子》原貌,圣-埃克苏佩里,94.9,文汇出版社
产品思维:从新手到资深产品经理,刘飞,44.9,中信出版集团
月亮与六便士（未删减足本，毛姆经典著作，毛姆故居典藏版本，豆瓣高分推荐！）, 毛姆,31.1,开明出版社
博尔赫斯全集·第一辑（套装16册）,豪尔赫·路易斯·博尔赫斯,327.8,上海译文出版社
自我保护意识培养第2辑:我不会走丢+绝对不能保守的秘密（套装全2册 2016版）,达柯玛尔·盖斯勒,50.0,辽宁人民出版社
红星照耀中国（又译《西行漫记》）（畅销800万册 青少版 人民文学出版社）教育部八年级上语文教科书名著导读指定书目,埃德加·斯诺,22.7,人民文学出版社
半小时漫画中国史,二混子,37.9,江苏凤凰文艺出版社
探索科学百科丛书全8册11-14岁青少年儿童百科全书十万个为什么科普书籍中小学生宇宙恐龙动物海洋揭秘,,128.0,湖北科学技术出版社
神奇树屋故事系列基础版第1-7辑中文新版（1-28册）典藏全集 Magic Tree House,玛丽·波·奥斯本,400.0,广东新世纪出版社
论语全解 精装读书会99元10本书,方韬,34.6,南京出版社
快乐读书吧四年级上册指定阅读：中国古代神话+希腊神话故事+山海经（套装共3册） 智慧熊,施瓦布,63.5,南方出版社
人间失格,太宰治,22.4,中国友谊出版公司
DK儿童百科全书系列-蓝盒装(套装全5册),英国DK公司出版社,600.0,中国大百科全书出版社
一口气就能读完的大秦史+大汉史+大唐史+大明史+大清史（套装全5册）,覃仕勇,142.2,台海出版社
动物小说大王沈石溪品藏书系新版：斑羚飞渡 五年级推荐课外阅读书,沈石溪,23.8,浙江少年儿童出版社
利用Python进行数据分析（原书第2版）,韦斯·麦金尼,98.2,机械工业出版社
小鸡鸡的故事 让孩子保护自己的身体 儿童安全教育和性教育必备 幼儿园指定书单必备蒲蒲兰绘本（套装共2册）,山本直英,71.3,连环画出版社
汗青堂丛书001:五四运动史:现代中国的知识革命(精装),周策纵,82.5,四川人民出版社
汤姆·索亚历险记（彩插励志版 无障碍阅读）/新课标必读名著，智慧熊,马克·吐温,11.8,商务印书馆
黄金时代,王小波,33.3,北京十月文艺出版社
剑指Offer：名企面试官精讲典型编程题（第2版）,何海涛,61.8,电子工业出版社
陈寅恪魏晋南北朝史讲演录,陈寅恪,37.8,天津人民出版社
爱的教育（彩插励志版 无障碍阅读）/新课标必读名著，智慧熊,亚米契斯,11.8,商务印书馆
假如给我三天光明（彩插励志版 无障碍阅读）/新课标必读名著，智慧熊,海伦·凯勒,11.8,商务印书馆
世界兵器大全（儿童注音版）,张斌,36.4,北方妇女儿童出版社
世界经典童话双语系列绘本（套装全20册）,孙静,70.0,长江出版社
稻草人（彩图注音版）/小学生语文新课标必读丛书,叶圣陶,10.9,北京教育出版社
精灵鼠科学童话绘本（套装共6册）,徐姣,85.3,四川少年儿童出版社
稻草人（彩插励志版）/新课标必读名著·无障碍阅读，智慧熊,叶圣陶,15.0,商务印书馆
余秋雨 文化苦旅（1-9年级必读书单）,余秋雨,38.0,长江文艺出版社
鲁滨孙漂流记（彩插励志版 无障碍阅读）/新课标必读名著，智慧熊,笛福,14.1,商务印书馆
安徒生童话+格林童话+伊索寓言+一千零一夜（彩图注音版）（套装全4册）,安徒生,30.6,北京教育出版社
昆虫记（彩插励志版 无障碍阅读）部编版阅读八年级上推荐必读，智慧熊,法布尔,11.8,商务印书馆
白说,白岩松,27.4,长江文艺出版社
Spring Boot编程思想（核心篇）,小马哥,112.1,电子工业出版社
史记（青少版）,司马迁,24.6,中国文史出版社
